run_tag,threshold,accuracy,precision,recall_sensitivity,specificity,false_positive_rate,false_negative_rate,f1,tn,fp,fn,tp,roc_auc,pr_auc,brier,log_loss,n,prevalence,split,model,prob_col,threshold_type,target_recall,threshold_source,threshold_constraint_met_on_source
main,0.1304928362369537,0.6320346320346321,0.4366197183098591,0.9253731343283582,0.5121951219199881,0.4878048780190362,0.0746268656605034,0.5933014354066986,84,80,5,62,0.8565708045140155,0.744365157363117,0.1365257727421053,0.4346584608837067,231,0.29004329004329,test_uid,image_raw,prob_image_raw,min_fpr_recall_0.90,0.9,threshold_split,True
main,0.1163694068746438,0.6320346320346321,0.4366197183098591,0.9253731343283582,0.5121951219199881,0.4878048780190362,0.0746268656605034,0.5933014354066986,84,80,5,62,0.8565708045140155,0.744365157363117,0.132313081774571,0.4167006268565678,231,0.29004329004329,test_uid,image_calibrated,prob_image_cal,min_fpr_recall_0.90,0.9,threshold_split,True
main,0.1974423154238923,0.3463203463203463,0.2980769230769231,0.9253731343283582,0.1097560975542831,0.8902439023847412,0.0746268656605034,0.4509090909090909,18,146,5,62,0.634874408445577,0.4396880733262558,0.1949998838165083,0.5768516310425797,231,0.29004329004329,test_uid,text_calibrated,prob_text_cal,min_fpr_recall_0.90,0.9,threshold_split,True
main,0.1163694068746438,0.6320346320346321,0.4366197183098591,0.9253731343283582,0.5121951219199881,0.4878048780190362,0.0746268656605034,0.5933014354066986,84,80,5,62,0.8565708045140155,0.744365157363117,0.132313081774571,0.4167006268565678,231,0.29004329004329,test_uid,fusion_weighted,prob_fusion_weighted,min_fpr_recall_0.90,0.9,threshold_split,True
main,0.2652784875320625,0.6493506493506493,0.45,0.9402985074626866,0.5304878048457019,0.4695121950933224,0.0597014925284027,0.6086956521739131,87,77,4,63,0.8630323989807063,0.7593910335332874,0.1506439982339505,0.4727390456338408,231,0.29004329004329,test_uid,fusion_stack,prob_fusion_stack,min_fpr_recall_0.90,0.9,threshold_split,True
